	buyerid	publisherid	publisher	ppdrevenue	pdrevenue	rev_difference	rev_delta	offer_difference	offer_delta
43	534301	560724	RTS-WideOrbit	1451.344103999997	372.305196	-1079.04	-0.7434755858559641	6153027	0.203405051067733
38	534301	558346	Sortable	2140.3694860000064	1090.2703680000016	-1050.1	-0.4906158141706949	-10067104	-0.25160529492836997
35	534301	558511	RTS-sovrn	2610.759018999999	1854.3097339999924	-756.45	-0.28974305153975877	-68986643	-0.09324564844033549
48	534301	560092	Sortable2	889.5384009999997	143.2596619999999	-746.28	-0.8389505592575311	-34572	-0.01443630874458983
36	534301	560606	RTS-Sonobi	2324.0074059999993	1628.429317999999	-695.58	-0.29930114947318737	-69484675	-0.14571435408481878
56	534301	560210	RTS-MediaNet	437.12973900000026	0.0	-437.13	-1.0	-66986651	-1.0
46	534301	559952	AdThriveHB	1224.7308149999935	901.2839430000022	-323.45	-0.26409629613181	-3575630	-0.06392782673995098
41	534301	508738	Underdog Media	1810.2334000000012	1490.6792069999933	-319.55	-0.1765265147577145	-20039791	-0.14042999313490587
39	534301	560187	LKQD	1868.0065199999722	1613.2819879999947	-254.72	-0.1363616932129237	24608192	0.08765608832379111
64	534301	560374	BidMonitor 2	369.4726279999977	172.51995999999954	-196.95	-0.5330643005034716	-86128	-0.10937472220740661
40	534301	558889	CrunchMind	1859.4505070000002	1673.7446690000002	-185.71	-0.09987135301579719	-3681611	-0.039093770539472356
47	534301	557776	District M	1002.7006730000007	818.3432529999997	-184.36	-0.18386087190748393	-5744279	-0.034956362685245344
72	534301	558275	Wizzed Media	316.09982400000007	162.78744099999992	-153.31	-0.4850125541354307	-2646642	-0.33699592748934504
51	534301	559956	Monkey Broker	560.293916000001	422.02171199999975	-138.27	-0.2467851248272362	-456034	-0.02967585514915463
63	534301	560733	SNT Media	371.4846629999997	237.6470450000002	-133.84	-0.3602776408564669	-1079076	-0.20326623382861625
59	534301	558894	MonetizeMoreAP	424.26334400000025	291.3163659999996	-132.95	-0.31335956754256045	-6838337	-0.2326883372607338
66	534301	558886	The Blogger Network	352.9668669999994	244.2755000000005	-108.69	-0.3079364585231709	-5644086	-0.15206176609560315
82	534301	558900	Chegg, Inc.	246.78480700000003	148.000843	-98.78	-0.4002838148784419	-12675611	-0.2823910415220248
58	534301	560528	Playwire Media	428.48508199999986	340.4746099999996	-88.01	-0.2053991508623871	2748638	0.05449137880036725
42	534301	560602	RTS-Criteo	1691.1641570000002	1607.7335729999943	-83.43	-0.04933322625995429	3832356	0.02354016833035213
69	534301	560049	YellowHammer Media Group	320.94272900000027	241.034749	-79.91	-0.24897893854451583	-2596708	-0.08496742783508916
83	534301	560816	RTS-DistrictM	237.34366899999998	164.01203200000012	-73.33	-0.3089681612699763	-5618719	-0.17008179166865695
75	534301	560269	Ezoic.com	299.6478500000004	235.6023520000001	-64.05	-0.21373588363807786	-1389057	-0.055280675814944606
80	534301	560453	Sekindo	277.0879580000004	215.4730210000012	-61.61	-0.2223659860382641	-508693	-0.04209731075831566
65	534301	558257	BidMonitor	356.75802400000003	295.31398899999994	-61.44	-0.17222888026759586	-59492	-0.03783667241819025
54	534301	559903	Curse.com	528.5551349999998	473.9736139999982	-54.58	-0.1032655202564661	12034253	0.16411889731821258
84	534301	560313	Freestar	233.43393799999984	180.33438500000028	-53.1	-0.2274714356230395	-616796	-0.030216765053869034
76	534301	560962	Boredom Therapy	297.7838040000001	249.34385099999997	-48.44	-0.16266819198803742	-3500097	-0.1663633946032735
71	534301	560293	WazimoHB	316.29967999999997	273.430945	-42.87	-0.13553202140451096	-1818721	-0.22437099556925758
70	534301	560031	RTS-Switch	320.87287199999906	278.6911939999994	-42.18	-0.13145915931465768	-5023111	-0.09106564262777185
91	534301	558527	RTS-purch	154.21021899999988	113.58432200000004	-40.63	-0.2634449082780945	-2081761	-0.13459624798009712
94	534301	558794	LanistaConceptsLLC3	118.26082300000004	78.72919599999999	-39.53	-0.33427491875310256	-1510134	-0.32884052192594604
98	534301	560858	SNT Media 6	98.26471599999996	59.301103999999974	-38.96	-0.39651681281000195	-794826	-0.2740029109271461
86	534301	560709	Saavy Financial Advice	225.14545799999993	188.66116799999995	-36.48	-0.1620476394420535	666523	0.17843431367536033
78	534301	560979	Motiv31	283.6999699999999	249.67980599999999	-34.02	-0.11991599435135619	2227439	0.19915970631744737
97	534301	560950	Brulee Media	106.27058400000003	76.80090999999997	-29.47	-0.27730791429545587	-942307	-0.16164675702784204
74	534301	560613	Spine Media	307.29585399999996	277.954467	-29.34	-0.09548253456097701	1710200	0.16108299918799174
67	534301	560574	Taboola_VideoTag	352.95228599999916	324.20546099999984	-28.75	-0.08144677379989937	1277331	0.17023954907406086
61	534301	558604	Digikulture	390.13849199999987	366.92906399999987	-23.21	-0.0594902284084289	123090	0.006371901967441853
95	534301	560022	Ookla Speed Test	109.586208	86.78603199999999	-22.8	-0.20805698468916825	-249845	-0.025184172713357857
62	534301	559906	Hive Media	374.084931	352.17821899999996	-21.91	-0.058560797788457374	268844	0.01775933669164149
92	534301	560836	Froppit Inc.	149.27819100000008	142.13648499999994	-7.14	-0.04784158993459492	129079	0.032628731301782204
89	534301	560517	Meaww	158.04810400000005	151.58693599999998	-6.46	-0.04088102189444848	-573798	-0.04003650605259467
93	534301	560825	SNT Media 4	138.22400599999997	143.465832	5.24	0.03792268905880237	19826	0.006147980075657428
79	534301	560862	Ivemedia	283.3737649999999	295.72099900000006	12.35	0.0435722551803629	255836	0.058580759088814986
90	534301	560754	RTS-Sekindo	154.5616869999998	170.5159390000003	15.95	0.10322255346501556	8151569	0.2870932403259836
87	534301	561051	BrainJolt LLC-HB	210.86164300000004	232.67975800000008	21.82	0.10347123682423374	5016352	0.32823488242870485
88	534301	560156	BoldScreen Media	198.63265599999906	229.40377900000013	30.77	0.1549147235890619	2842431	0.06645127281648441
96	534301	560310	Adflare.com	108.73250999999999	143.1852280000001	34.45	0.31685756173567703	135297	0.018293674750721182
49	534301	560529	Pretio Interactive	634.7831770000008	669.7198139999992	34.94	0.05503711860340997	25824375	0.3270533683088596
68	534301	560810	MULTIPLY	335.4691189999999	377.27684500000004	41.81	0.1246246632912883	8551225	0.23025221822963132
81	534301	558881	AdRizer2	258.4470899999999	316.5036970000001	58.06	0.2246363346555778	538775	0.05182617839806199
77	534301	560742	Dashbid1	292.2876139999996	353.4915629999942	61.2	0.20939631400184697	30527968	0.332078053479286
37	534301	560998	eBay	2149.9836519999994	2214.16126	64.18	0.029850277205735905	-1595867	-0.011269701279088466
57	534301	560653	GiftConnect	433.48753499999765	509.37644499999965	75.89	0.17506595662549423	2513805	0.130655478280584
55	534301	560530	OMG Studios	489.8761989999998	570.5971219999997	80.72	0.16477820960638237	-120126	-0.006407774634267806
60	534301	560091	RTS-MobFox	401.43793700000003	483.2840989999999	81.85	0.2038824795973378	90061196	0.2619249621937743
85	534301	560711	RTS-TremorVideo	229.7347750000002	312.7054310000004	82.97	0.3611584532642047	26255587	0.1918035129114665
73	534301	561049	RTS-MillennialMedia	313.4640990000001	421.75369900000004	108.29	0.34546093267286704	115193133	0.42978126299424296
50	534301	560923	Rhebus	585.1296509999967	700.883941999999	115.75	0.1978267394280503	46714844	0.2488533821719382
53	534301	560007	RTS-ConvertMedia	535.5691309999988	696.684209999999	161.12	0.300829658907284	50133636	0.3364664998603796
52	534301	560911	RTS-Tappx	550.6314749999998	844.5187400000002	293.89	0.5337276896494166	243759188	0.6657558668545119
44	534301	560693	BaronsMedia_VideoTag	1314.217607999993	1634.8391090000043	320.62	0.243963784268528	113188268	0.4893537810857948
45	534301	560143	RockYou AP	1264.3165589999876	2283.621176000013	1019.3	0.8062099715013187	162503847	0.6149854665155304
115	535039	560862	Ivemedia	507.96602900000016	208.13689899999997	-299.83	-0.5902542943477035	-846727	-0.2778207239054698
118	535039	561049	RTS-MillennialMedia	147.36496599999998	95.33608099999998	-52.03	-0.35306142573941224	3259150	0.12500372999485818
116	535039	558889	CrunchMind	414.1803650000001	365.9347939999999	-48.25	-0.11648444754255842	-6041927	-0.181958716796688
117	535039	558346	Sortable	196.02058499999944	151.04176299999983	-44.98	-0.22945968659362861	-5428192	-0.37735111390414594
114	535039	508738	Underdog Media	549.3618769999998	522.1594630000004	-27.2	-0.04951638462528301	-13290277	-0.31117032043014875
123	535039	561036	Slowplay.tv	55.105491000000015	38.335285999999996	-16.77	-0.30432910941670066	-336505	-0.37256686451721477
120	535039	558886	The Blogger Network	101.77874499999996	88.24876899999975	-13.53	-0.13293518209524208	-5441527	-0.25698823654758385
130	535039	560927	Adsolut	27.82097999999999	16.613930999999997	-11.21	-0.4028272548271124	-175275	-0.2817242116463688
125	535039	561020	RSOE-HB	38.423602	27.614708	-10.81	-0.28130871228574567	-137501	-0.11582533161604223
137	535039	560950	Brulee Media	18.669104000000008	8.382765	-10.29	-0.5509819325019564	-162164	-0.10840093183998288
126	535039	560118	AdSparc2	34.09816200000001	23.976285000000004	-10.12	-0.29684523758201403	-208501	-0.12301241504956757
136	535039	558837	TheYouMP3.com	19.214788000000002	9.409189	-9.81	-0.5103152322055284	-159466	-0.15647313828404114
142	535039	558275	Wizzed Media	16.386429	7.133164000000002	-9.25	-0.5646907572113484	-1390872	-0.48264738583002864
134	535039	558223	imonomy AP	20.428845000000006	14.072154000000001	-6.36	-0.31116252534100697	113761	0.20681712407463967
135	535039	557723	H12 Media (UK)	19.676717999999994	13.450958000000009	-6.23	-0.3164023593772085	-73842	-0.08483968330746314
133	535039	560613	Spine Media	22.076442000000004	16.123024	-5.95	-0.269672893847659	-360511	-0.13692450733368833
148	535039	561043	VonVon	12.687600999999997	6.995026000000002	-5.69	-0.4486722903723089	-98116	-0.010466194530881066
150	535039	560721	Sortable_Quanki	11.182657999999998	6.457222999999999	-4.73	-0.4225681407765488	-12779	-0.2660794969496325
141	535039	560517	Meaww	16.564264000000005	12.406206	-4.16	-0.25102582281953517	-721619	-0.12206143066912294
131	535039	559931	WorldLifestyle.com	26.13746600000001	22.318052999999995	-3.82	-0.14612789931510628	-4305458	-0.31302587114448405
121	535039	560979	Motiv31	79.95560099999997	76.39181800000004	-3.56	-0.04457202441639994	-135152	-0.04835495410014605
145	535039	560962	Boredom Therapy	15.754956	12.453444000000003	-3.3	-0.20955386990607888	-1568670	-0.41504257131820277
144	535039	560313	Freestar	15.96132700000001	13.460880000000015	-2.5	-0.15665658626002665	-738842	-0.16455820815474542
124	535039	560049	YellowHammer Media Group	39.36318700000001	37.056474	-2.31	-0.05860076827620712	-1837099	-0.2692265700141142
129	535039	560310	Adflare.com	28.222612999999996	26.433786	-1.79	-0.06338275623167829	-178020	-0.11692987163462075
140	535039	560990	Audience Drive_HB	16.707824	14.964638000000003	-1.74	-0.10433351464559336	-294971	-0.16920547637171732
127	535039	560998	eBay	30.203190999999997	28.958341000000004	-1.24	-0.04121584371664545	-8728717	-0.23183515707029054
151	535039	560293	WazimoHB	10.935349999999998	10.41086	-0.52	-0.047962799544596056	-70018	-0.2729895588843056
128	535039	560530	OMG Studios	29.826308000000004	29.729117	-0.1	-0.003258566229518108	-1042759	-0.19592424716135412
152	535039	560274	Insticator 4	10.720210999999997	10.781341000000003	0.06	0.005702313135441615	-16890	-0.10685815513096293
149	535039	560374	BidMonitor 2	12.063042999999992	13.139393000000009	1.08	0.08922707147773727	-159174	-0.2778812631696557
132	535039	559903	Curse.com	25.22700299999995	26.368908	1.14	0.04526518667318719	365548	0.01711819038360316
138	535039	560537	StreamlynAPAC	18.545374000000024	20.554894000000015	2.01	0.10835694119730283	-265433	-0.41968876689456275
147	535039	560724	RTS-WideOrbit	13.956475000000015	17.31005699999999	3.35	0.24028861155843226	1594483	0.3000155983432264
146	535039	560453	Sekindo	14.128294999999966	21.559518999999927	7.43	0.5259816559606081	2388	0.0013300635010635496
143	535039	558881	AdRizer2	16.133709	27.431602	11.3	0.7002663181789136	-724121	-0.15814162229686346
154	535039	560772	Invaluable	10.019769999999996	24.049215000000004	14.03	1.4001763513533758	384072	0.33156274037029654
153	535039	560810	MULTIPLY	10.093681000000002	30.153968	20.06	1.9874104402546495	2697899	0.1816627912058181
122	535039	560754	RTS-Sekindo	55.166435000000064	84.40948999999999	29.24	0.5300878151723941	1263570	0.1148447237203521
139	535039	561051	BrainJolt LLC-HB	17.80049	51.94475800000001	34.14	1.9181644999660128	-195377	-0.02806546429678542
119	535039	558511	RTS-sovrn	103.30046799999974	151.9395709999995	48.64	0.4708507516151802	-17475421	-0.13204782426509032
395	545979	558889	CrunchMind	523.5590020000001	241.592859	-281.97	-0.5385565751384026	-39536055	-0.49498041158059747
396	545979	558604	Digikulture	495.64841500000006	320.12748400000004	-175.52	-0.354123862173553	-6367146	-0.3555804778228586
398	545979	560602	RTS-Criteo	29.81732000000001	17.591867	-12.23	-0.41001179851173764	-19228499	-0.23248422290658818
397	545979	560343	Insticator 8	66.98231099999998	70.99702500000001	4.01	0.05993692872137582	-1669003	-0.35905100558840697
402	547259	560998	eBay	4315.213106	3227.2822829999996	-1087.93	-0.2521152017932346	-1452431	-0.01017615612440608
399	547259	508738	Underdog Media	8144.026507000019	7357.381009000033	-786.65	-0.09659171631180737	-17070369	-0.10442746229464006
401	547259	560602	RTS-Criteo	4599.53867800006	3984.4440999999856	-615.09	-0.13372962400384153	309038	0.001367982376852094
400	547259	558889	CrunchMind	6842.950025000002	6351.04391500001	-491.91	-0.07188509461604486	-4789680	-0.03437283960074234
410	547259	560288	RTS-SmartAd	1448.744318000002	1004.4837300000025	-444.26	-0.30665216938576384	-6302403	-0.03212356692345171
430	547259	558275	Wizzed Media	587.3569100000001	342.33399400000013	-245.02	-0.4171618854369142	-3116297	-0.31682509292125055
458	547259	560210	RTS-MediaNet	256.62014000000016	12.744865999999996	-243.88	-0.9503356751344614	-78930856	-0.9434180606315172
405	547259	558511	RTS-sovrn	2741.6551349999895	2520.9899530000066	-220.67	-0.08048611919966504	-99478174	-0.11176358866213304
408	547259	557776	District M	1753.7772160000009	1539.4987789999946	-214.28	-0.12218110433019003	-3916046	-0.016888311507474035
433	547259	558900	Chegg, Inc.	555.5775500000004	375.695204	-179.88	-0.32377540453173514	-16169838	-0.30039111984423494
412	547259	560031	RTS-Switch	1410.052329	1250.623240000001	-159.43	-0.11306607969157083	-21213763	-0.18885298430352793
439	547259	560927	Adsolut	462.7705459999999	307.791653	-154.98	-0.3348935975713544	28520	0.026409339201663825
411	547259	560530	OMG Studios	1415.5250150000004	1270.6518309999997	-144.87	-0.10234590167239162	-57552	-0.0028958446903023117
443	547259	561036	Slowplay.tv	400.47113199999995	258.40696699999995	-142.06	-0.3547425860398847	-909609	-0.24582811174474345
456	547259	560986	Batanga Media	264.2296489999998	126.09362400000005	-138.14	-0.5227877549805166	-2999596	-0.20553147353915788
446	547259	560733	SNT Media	378.44098700000023	252.66372600000022	-125.78	-0.3323563390875522	-1444159	-0.1846604941784005
455	547259	560137	Adpone	273.02922600000016	158.79649399999983	-114.23	-0.4183901250190713	-408426	-0.5565645636479095
418	547259	558894	MonetizeMoreAP	930.246531	826.5475659999989	-103.7	-0.11147471293284626	-5333677	-0.06722391364196087
452	547259	560026	BumpClick	292.460505	191.59763399999997	-100.86	-0.34487689542900857	-2851915	-0.18699961195768333
466	547259	560561	Resignation MediaAP	216.39307500000007	126.18662799999997	-90.21	-0.4168638344826888	-2291943	-0.154783788952863
436	547259	560313	Freestar	542.8609959999994	453.36750799999885	-89.49	-0.16485525513791136	-1303772	-0.069965569202897
460	547259	560950	Brulee Media	244.05830500000005	162.18720499999998	-81.87	-0.3354571359495431	-958141	-0.15725006499150515
407	547259	560606	RTS-Sonobi	1862.2422250000031	1781.3174309999956	-80.92	-0.043455568192804446	-85569953	-0.14149946889301881
447	547259	556241	sernate	356.1870940000002	275.5262129999998	-80.66	-0.22645649536083506	-703699	-0.09667857713991472
489	547259	560033	RAD	130.62696000000008	51.52478000000004	-79.1	-0.6055578419646296	-118844	-0.07739123979406444
429	547259	560022	Ookla Speed Test	590.989653	521.3169420000002	-69.67	-0.11789159191929173	-327705	-0.02267966735518973
416	547259	558299	RTS-AOL Marketplace	1038.9619339999956	976.1968709999968	-62.77	-0.060411321094656266	-28193293	-0.0828262497521415
426	547259	560613	Spine Media	642.4993770000002	580.4441730000003	-62.06	-0.09658406874999953	2181057	0.15851628852204902
442	547259	561043	VonVon	452.33941500000003	393.27972299999965	-59.06	-0.13056499177724845	-3144078	-0.06640238020438712
476	547259	558794	LanistaConceptsLLC3	169.08488500000004	115.86676200000001	-53.22	-0.31474204805473904	-4813885	-0.24474691628804726
448	547259	560296	Traffic Addicts	355.43996000000004	302.3564739999999	-53.08	-0.1493458585804482	-298562	-0.013875246309997398
445	547259	560816	RTS-DistrictM	387.98150199999986	336.9704329999999	-51.01	-0.13147809557168008	-1988356	-0.04473413535286641
450	547259	560962	Boredom Therapy	337.8425519999997	288.6837999999998	-49.16	-0.14550787551474562	-3842442	-0.15813439993046507
463	547259	560876	Geniee10	226.08492799999996	178.01590999999996	-48.07	-0.2126148718768197	-42715	-0.007291140364053475
475	547259	558223	imonomy AP	170.96827199999996	123.47892700000035	-47.49	-0.2777670057985941	280514	0.08483831923867684
428	547259	558527	RTS-purch	608.0326599999995	561.8350470000004	-46.2	-0.07597883475535537	-3323806	-0.11502723733334828
464	547259	560092	Sortable2	223.3567910000001	177.18825100000007	-46.17	-0.20670309504939124	-193765	-0.08468117111876691
406	547259	560862	Ivemedia	2224.958584	2179.2156950000012	-45.74	-0.020558984481303378	191791	0.04147675419436599
461	547259	558595	StreamAMP	241.46169400000008	196.20785800000027	-45.25	-0.18741621186505794	110920	0.010790780750733645
465	547259	558609	Yieldlove	219.4968190000004	174.83942700000014	-44.66	-0.20345348148302853	-1931447	-0.06947667573599275
437	547259	559952	AdThriveHB	531.2795720000017	489.3806639999998	-41.9	-0.0788641427380193	-5503609	-0.06788441255755476
434	547259	558886	The Blogger Network	547.2265030000003	514.6923999999999	-32.53	-0.05945271806398674	-994016	-0.01746630327266339
490	547259	558617	MATOMY CONTENT NETWORK	127.3669080000003	96.4644710000001	-30.9	-0.24262532148460508	-120885	-0.032978913792407305
449	547259	560269	Ezoic.com	349.97213899999934	319.61482100000126	-30.36	-0.08674209920464024	-1882304	-0.06678769537878598
471	547259	558812	Petilmat S.A	201.280125	171.106389	-30.17	-0.14990916763391315	228233	0.0936834777240423
459	547259	559908	Hexagram Labs Limited	248.627171	218.73052000000007	-29.9	-0.12024691782379623	-271895	-0.08267007042135754
462	547259	560825	SNT Media 4	235.52135900000002	207.00089900000003	-28.52	-0.1210950043813223	-104322	-0.02407511513463067
457	547259	558092	Slashdot Media	259.62293999999997	232.16833000000003	-27.45	-0.10574801286820013	-832205	-0.06719132424891418
453	547259	560905	Yieldlove 3	286.46954000000017	259.653055	-26.82	-0.09361024910362252	-981074	-0.08703197230090387
472	547259	560361	MadAds HB	193.58413599999994	167.3165740000001	-26.27	-0.1356906745705643	725157	0.07882669957322137
478	547259	560011	Marfeel	153.5297080000004	127.40914400000001	-26.12	-0.17013361348932102	189844	0.008293741860539283
492	547259	560183	NewsNow Publishing Limited	124.84920199999999	102.425676	-22.42	-0.17960488045410172	-276839	-0.04347872520369536
497	547259	558882	Vacation Idea	117.08683600000002	95.78071299999996	-21.31	-0.18196856049641696	-3247	-0.012290583149750555
481	547259	560360	OnScroll	142.5442750000001	121.95863599999987	-20.59	-0.1444157543331728	667533	0.24973110807416515
496	547259	560182	Clickio	118.15281200000017	98.32095900000017	-19.83	-0.16784918331016926	-1642292	-0.07466958332459994
480	547259	558203	Radifx	144.9789779999994	132.98348599999983	-12.0	-0.08273952655397812	-453683	-0.09432365306722408
473	547259	560836	Froppit Inc.	187.62929000000008	176.7903940000001	-10.84	-0.05776761186912754	146682	0.03419985940664006
425	547259	558604	Digikulture	646.5786640000008	635.8069819999998	-10.77	-0.01665950734186452	-31345	-0.0011597982154610926
494	547259	560694	AG Inc	120.57167199999986	112.85567499999995	-7.72	-0.06399510657859936	-53287	-0.03652516395779869
484	547259	560903	Vertical Scope1	138.0151649999998	133.02210599999958	-4.99	-0.036177611351623735	-365917	-0.03825721244072185
495	547259	560311	GENIEE, Inc	119.9017070000001	117.75355699999987	-2.15	-0.01791592508353719	-2769459	-0.24404353564969722
501	547259	560701	WordPlays1	109.80480799999997	107.84587800000003	-1.96	-0.017840111336472068	99462	0.016749536980435464
499	547259	560430	Comicbook	110.68154700000001	115.91030600000003	5.23	0.04724147016123677	152785	0.020760171342579854
431	547259	560653	GiftConnect	569.8982699999996	575.6139350000001	5.72	0.010029272417339532	1151301	0.055090790385873493
432	547259	557219	RTS-Pubmatic	560.6414559999995	567.489375000001	6.85	0.012214435673129265	-83510305	-0.08016223444642184
454	547259	560982	Arteebee	283.7943019999999	295.274786	11.48	0.04045353947945053	-959	-0.00593488337551907
488	547259	560511	Geniee2	135.33808600000003	148.35104400000014	13.01	0.09615148539931404	246570	0.039819263790147295
491	547259	560817	SNT Media 3	125.20329999999977	141.1340019999995	15.93	0.12723867501894723	544991	0.19054663312524364
444	547259	560931	dietforjoy.com	398.6807019999999	416.223918	17.54	0.0440031732461436	1321069	0.1295190701232171
477	547259	561020	RSOE-HB	167.30841599999997	185.20713599999996	17.9	0.10698039242688187	505823	0.11343968100184797
440	547259	559906	Hive Media	458.0640200000001	476.0442580000001	17.98	0.03925267476803797	379600	0.026613941709157714
419	547259	560293	WazimoHB	880.1399570000001	899.6236780000002	19.48	0.022137071320351448	-1815189	-0.2386315413072229
409	547259	558346	Sortable	1486.6535379999993	1508.4396260000046	21.79	0.01465444869509691	-384659	-0.010820448444702065
438	547259	560528	Playwire Media	499.84140699999904	526.3369469999993	26.5	0.0530078933616645	4550229	0.09290635639220426
470	547259	560436	Univision	207.23348199999995	233.94154699999999	26.71	0.12887910168879005	582019	0.01928550529522262
417	547259	559956	Monkey Broker	1012.4347749999995	1042.5156529999992	30.08	0.029711423138344663	-888817	-0.02416562620700073
468	547259	558563	Streamlyn	212.43569499999947	242.5527809999995	30.12	0.1417703649097206	-350175	-0.03830500817403223
479	547259	558251	bRealTime	152.558624	184.17916599999998	31.62	0.2072681384436187	438251	0.022288972860357577
500	547259	560772	Invaluable	110.58252499999998	144.35297499999996	33.77	0.30538685927093806	1711322	0.2532849059647658
486	547259	560724	RTS-WideOrbit	136.65717799999982	172.7151389999998	36.06	0.2638570584268909	7327449	0.21199231898239737
482	547259	543045	Hiveworks	141.72920099999993	179.65636200000012	37.93	0.26760301146409626	244500	0.06186920925077526
485	547259	558759	Real Networks	137.38511400000002	175.38098600000023	38.0	0.27656469390126365	2124594	0.20344996420032763
423	547259	558547	CPMOnly AP	666.9033080000002	705.954125	39.05	0.05855544054371344	-8745	-0.011654017604296461
493	547259	560797	Nuwa	123.93761900000001	165.309924	41.37	0.3338155544201634	325747	0.30836274205396563
469	547259	560709	Saavy Financial Advice	210.32573100000002	259.7432299999999	49.42	0.23495698203468934	979073	0.1553206195672573
441	547259	558257	BidMonitor	455.34938900000003	508.771717	53.42	0.11732162003625746	-35345	-0.011284119736498484
435	547259	560374	BidMonitor 2	543.9584080000009	597.8872200000012	53.93	0.09914142553340263	-190947	-0.06514256706344157
414	547259	557920	Work2Media Enterprise	1275.8482869999962	1332.435463	56.59	0.04435259001919562	519885	0.08872396612861883
420	547259	559903	Curse.com	818.2584460000003	878.1331820000006	59.87	0.07317337974657497	14810244	0.13842358989973821
424	547259	558881	AdRizer2	647.7151270000012	719.9230089999996	72.21	0.11148092578050646	422417	0.021468302671166357
427	547259	560310	Adflare.com	623.0764330000002	695.797608	72.72	0.1167130887134673	763796	0.12407451267441268
474	547259	559963	Funbox6 - Account F	172.6780909999989	250.45794499999928	77.78	0.4504326724344022	170201	0.10386938653953422
487	547259	560979	Motiv31	135.557625	230.29824200000007	94.74	0.6988955213696025	2270348	0.20154997469026872
498	547259	560517	Meaww	115.49360300000001	211.68590800000004	96.19	0.8328799388135811	-404157	-0.01797210807375467
415	547259	559931	WorldLifestyle.com	1145.1878930000005	1254.174674	108.99	0.09516934440731077	-9674664	-0.17032728410746706
451	547259	560158	Bidfluence	328.10858199999967	454.45341899999926	126.34	0.3850701991086588	3560535	0.24708584866752953
467	547259	558427	MILFORD MISSION LP	213.83088899999993	361.2969619999996	147.47	0.6896387780532481	105132	0.18730491298584684
422	547259	560453	Sekindo	707.4822159999956	862.2937480000008	154.81	0.21882038657492736	317198	0.020365842696629215
483	547259	558669	Mind Tank Media	138.92093	303.94415699999996	165.02	1.1878931921921339	1060546	0.7673333482862185
421	547259	560621	OnScroll News	781.7217279999994	1059.5956739999938	277.87	0.3554640174975341	-292330	-0.022838120669464043
403	547259	520096	Funbox - Account C	3165.200259999992	3489.911312999984	324.71	0.10258783847060378	-1269520	-0.06050304955348071
413	547259	560810	MULTIPLY	1407.4054279999996	1808.0067480000007	400.6	0.2846381803211301	13899568	0.26290081136359955
404	547259	560163	Funbox11	2859.8154329999866	3550.6642699999984	690.85	0.24157112694342714	598270	0.017374222818113055
505	553204	560816	RTS-DistrictM	61.049739999999986	30.615181000000003	-30.43	-0.4985206980406467	347479	0.00808704109144741
503	553204	560602	RTS-Criteo	76.00681800000021	47.542142999999776	-28.46	-0.37450160063272686	4463293	0.04052100766470411
511	553204	560669	Orbits Digital	29.60220899999999	5.889692000000004	-23.71	-0.8010387670730922	-564443	-0.3883187163067677
509	553204	560210	RTS-MediaNet	30.482766000000005	7.778038	-22.7	-0.7448381816794448	-67960729	-0.9374552201301534
520	553204	560415	Pubgears21	13.774949	4.246006	-9.53	-0.6917588587805297	-250457	-0.2674482550944025
527	553204	560295	MenSocietyMag	9.369114000000003	3.7144669999999995	-5.65	-0.6035412740201477	-250088	-0.09383436258421954
525	553204	560817	SNT Media 3	9.654573999999998	4.901005999999997	-4.75	-0.49236434461013007	983382	0.30343485658321284
508	553204	558346	Sortable	30.502582000000043	25.96867999999998	-4.53	-0.14863994136627698	-10452865	-0.18409754615390198
534	553204	560560	AdMonkey	6.496055999999997	1.9694739999999993	-4.53	-0.6968200397287215	-144519	-0.2191159190666434
532	553204	558300	Komoona12	7.254612000000004	2.8974469999999988	-4.36	-0.6006062074718818	56087	0.029732641071937863
540	553204	525331	Future of Capitalism	5.962959000000001	2.2858010000000006	-3.68	-0.6166666582815679	27737	0.0505273704344658
537	553204	558527	RTS-purch	6.232439000000001	4.012398	-2.22	-0.35620741735298184	-1379561	-0.0771477368919376
531	553204	558563	Streamlyn	7.623620999999998	5.6007469999999975	-2.02	-0.26534293874262654	52577	0.00530653819361108
517	553204	560311	GENIEE, Inc	19.65418800000001	17.882842	-1.77	-0.09012562615153613	-165421	-0.12010344719930939
535	553204	560849	PhoneArena.com	6.37673	5.200442000000002	-1.18	-0.1844657057770987	-29172	-0.17753704774366308
518	553204	560183	NewsNow Publishing Limited	18.755889	17.664698	-1.09	-0.058178580604736914	-18368	-0.004414149502398848
512	553204	558394	Komoona23	27.042306999999997	26.01361099999999	-1.03	-0.038040245604785396	136853	0.0742936153949717
548	553204	560779	CarambolaMedia3	3.8765349999999983	2.855070999999998	-1.02	-0.263499233206975	94806	0.040773863027413954
547	553204	558427	MILFORD MISSION LP	3.974226999999997	3.350737999999981	-0.62	-0.15688308694999462	100011	0.16156813709810308
541	553204	560876	Geniee10	5.944436999999999	5.409254000000001	-0.54	-0.09003089779570349	23611	0.14277507679655566
549	553204	560344	Insticator 9	3.859228	3.3159270000000003	-0.54	-0.14077971034621423	-168765	-0.08663105227738568
530	553204	524947	letsrun AP	8.529183	8.278421999999999	-0.25	-0.02940035405501332	-11252	-0.2235422668123572
510	553204	560269	Ezoic.com	29.804734000000042	29.79860500000011	-0.01	-0.0002056384734027109	-1391324	-0.053952901902922824
545	553204	558617	MATOMY CONTENT NETWORK	4.205990999999993	4.456649000000002	0.25	0.05959546751289049	-202400	-0.06121154091586256
538	553204	526847	ADVFN AP	6.15821	6.540644999999999	0.38	0.06210164966767913	-428117	-0.07730256713418929
539	553204	558566	Komoona42	5.976329999999999	6.817084000000002	0.84	0.14068065183816877	11892	0.019932519070151002
529	553204	560046	AdsAarambh	8.850647	9.81779	0.97	0.10927370620475543	47690	0.030683471266334975
544	553204	558747	Komoona61	4.3385929999999995	5.361092	1.02	0.23567525232258496	13291	0.11385519462719298
533	553204	558257	BidMonitor	6.889539	8.151283	1.26	0.18313910408229045	-249663	-0.07164755542890301
526	553204	557723	H12 Media (UK)	9.445318999999998	11.028010000000005	1.58	0.16756353067588378	42446	0.03951232817033699
546	553204	560019	A4G.com	4.016430999999994	5.915077999999982	1.9	0.47271993468828194	306795	0.0845995203559194
528	553204	557779	H12 Media	9.263360999999998	11.178242999999998	1.91	0.20671568343282756	3368	0.012864782276546983
523	553204	560701	WordPlays1	11.179125000000004	13.320995000000003	2.14	0.1915954960696833	104533	0.017157571182673075
543	553204	558395	Komoona21	5.267697999999999	7.892150999999999	2.62	0.498216298656453	70602	0.11727478397799417
536	553204	558393	Komoona20	6.255914000000001	9.847150999999997	3.59	0.5740547264556379	66173	0.1882835307038759
524	553204	560621	OnScroll News	11.151403999999916	15.00135899999994	3.85	0.3452439710730643	42793	0.009426485178612653
522	553204	558390	Komoona18	11.668669000000007	16.710067	5.04	0.4320456771890598	-35337	-0.031080577124019744
521	553204	558305	Komoona15	12.289851999999998	20.046013	7.76	0.6311028806530788	56410	0.061394964110992
507	553204	559931	WorldLifestyle.com	41.80004000000001	50.38751499999999	8.59	0.20544178905091912	-10441589	-0.18910389099740038
513	553204	546671	eonesoft llc	25.140494999999994	33.742475	8.6	0.34215634974569936	12897	0.008365283392866062
514	553204	558486	Komoona38	24.828623000000015	34.280515000000015	9.45	0.3806853082428291	-10451	-0.017960068877577322
504	553204	560374	BidMonitor 2	71.46674300000025	83.71243000000001	12.25	0.17134804925977554	-105013	-0.04106276037410191
506	553204	560606	RTS-Sonobi	48.25799099999998	61.66612299999999	13.41	0.2778427307510587	-93292660	-0.16233244522843437
515	553204	560724	RTS-WideOrbit	22.46371800000002	37.654999000000004	15.19	0.6762585338722632	4249902	0.15411908341780764
516	553204	560653	GiftConnect	22.332674000000004	42.796048	20.46	0.9162975289031663	-735720	-0.03667233227250476
542	553204	558900	Chegg, Inc.	5.740799	28.710727	22.97	4.0011726590671435	-22753217	-0.29487402559533454
502	553204	559956	Monkey Broker	346.5854009999983	403.0443039999992	56.46	0.16290040733712616	-1114127	-0.04313423795987316
519	553204	557776	District M	14.126785000000003	90.783759	76.66	5.426356669263388	-1974209	-0.009052827584521313
17	559959	509769	Rebecca ODell	6.556331	0.514424	-6.04	-0.9215378235174521	-26836	-0.15851807221798894
8	559959	560601	Q1Media_HB	14.989448000000001	9.336656999999995	-5.65	-0.3771180232921189	-4743	-0.00849628477869892
11	559959	558794	LanistaConceptsLLC3	10.539600000000002	5.243214000000001	-5.3	-0.5025224866218831	-3177296	-0.2685865590233929
12	559959	558563	Streamlyn	9.720554999999989	5.115465000000023	-4.61	-0.47374764095259697	-314835	-0.0594279581234254
26	559959	501785	Participate Media / Real Clear Politics	4.3931499999999994	0.22187	-4.17	-0.9494963750384121	-2375	-0.030157581298490218
4	559959	557920	Work2Media Enterprise	20.446235999999963	16.498364000000034	-3.95	-0.19308551461500964	366464	0.08139757258144943
15	559959	560653	GiftConnect	7.8348999999999975	4.076998999999998	-3.76	-0.47963611533012557	-1259236	-0.05207458909208325
18	559959	560046	AdsAarambh	6.225825	2.500906	-3.72	-0.5983012693096899	46715	0.0808236171401779
25	559959	558203	Radifx	4.868774000000005	2.2495089999999993	-2.62	-0.5379721876595633	78928	0.21473676191719923
5	559959	558801	Brow.si	17.322066999999997	14.885984999999998	-2.44	-0.14063460209454215	-12505	-0.14793739426705627
7	559959	560669	Orbits Digital	15.038943999999907	12.708472000000148	-2.33	-0.15496247608873157	-466427	-0.39691151955382376
33	559959	561049	RTS-MillennialMedia	3.0922119999999995	0.9981009999999999	-2.09	-0.6772210314169922	99304417	0.4134701836283474
16	559959	558617	MATOMY CONTENT NETWORK	7.434143000000002	5.532424999999996	-1.9	-0.2558086386016526	-198296	-0.08898474125470568
30	559959	548938	akapralov@pixfuture.com	3.8186220000000013	2.1439070000000013	-1.67	-0.43856527302257187	-9747	-0.03015621084287027
10	559959	560982	Arteebee	10.782108000000003	9.617064000000006	-1.17	-0.10805345299824451	2336	0.021065541247339753
24	559959	560193	WebCapacity Inc	4.972652	3.804156	-1.17	-0.2349844710629258	46155	0.27343171464285926
14	559959	560544	Chitika	8.012790999999966	6.8545129999999705	-1.16	-0.14455362681991837	-186842	-0.4290947172125218
32	559959	560537	StreamlynAPAC	3.416934	2.2824189999999995	-1.13	-0.33202719162851857	-112102	-0.04877363260056718
29	559959	560789	M32 TC Media2	3.821383	2.766222	-1.06	-0.2761201899940414	-197634	-0.15451926271964975
27	559959	560816	RTS-DistrictM	3.946031999999998	3.013888999999999	-0.93	-0.2362228689478442	-1210360	-0.036410796061547714
20	559959	560776	RTS-Yahoo	5.775103999999878	5.054764999999939	-0.72	-0.12473177972205418	-1489027	-0.05571447675326612
9	559959	560444	Marfeel 2	13.384966	12.752510999999998	-0.63	-0.04725114729465894	91253	0.07371364824922715
31	559959	560962	Boredom Therapy	3.672489	3.1275659999999994	-0.54	-0.1483797500823013	-2821027	-0.18833206878561026
34	559959	560941	RTS-EPlanning	2.9765369999999995	2.707063000000001	-0.27	-0.0905327230939842	-73262	-0.13907856794370185
22	559959	556241	sernate	5.101224	5.099638	0.0	-0.0003109057747710219	-45715	-0.06665801514696404
28	559959	558812	Petilmat S.A	3.8214300000000017	4.217236000000001	0.4	0.10357536314939665	91709	0.05569327373867418
13	559959	560724	RTS-WideOrbit	9.228245000000005	10.520184999999973	1.29	0.13999845040958142	3288979	0.20280627967232365
6	559959	520096	Funbox - Account C	17.043331000000023	18.498327000000046	1.45	0.08537040089170483	-244941	-0.022356190879872336
21	559959	560361	MadAds HB	5.337406	9.416416000000003	4.08	0.7642307892635494	-42675	-0.041872924138134045
19	559959	558889	CrunchMind	5.846825	10.160151999999998	4.31	0.7377212418705876	-6737472	-0.08954399674681819
1	559959	561045	SHMOOP.COM-HB	40.94157399999999	50.007993	9.07	0.2214477391611767	-1815106	-0.2919717445764791
23	559959	561051	BrainJolt LLC-HB	5.094687	16.764574999999997	11.67	2.290599599151036	3871698	0.2384068549287658
3	559959	560374	BidMonitor 2	20.481208000000102	41.03169100000183	20.55	1.0033823688525416	-141136	-0.06497941308768694
2	559959	559956	Monkey Broker	36.29356400000001	70.93550000000003	34.64	0.954492537574982	-951215	-0.09134998786116864
0	559959	560810	MULTIPLY	366.9098780000001	507.74181899999996	140.83	0.3838325143156811	4668679	0.1556066525301185
338	560180	558889	CrunchMind	75.579294	41.15251600000002	-34.43	-0.4555054192488221	-3695684	-0.11130488061832015
337	560180	558511	RTS-sovrn	81.46767399999995	63.300830999999945	-18.17	-0.22299449717933537	-17874184	-0.280892016737874
340	560180	560911	RTS-Tappx	35.008748999999995	20.187373	-14.82	-0.4233620572960204	70350712	0.4495354760829323
345	560180	560653	GiftConnect	24.360832999999996	9.880098999999998	-14.48	-0.594426881872225	-962935	-0.5396816055910977
341	560180	560986	Batanga Media	31.977471000000012	18.302476999999996	-13.67	-0.4276446376888282	-1906735	-0.35614264271780394
348	560180	560810	MULTIPLY	19.125728	6.357430000000001	-12.77	-0.66759801247827	3686355	0.17925550289601536
352	560180	560774	Grateful Ventures	10.971806	1.5589559999999996	-9.41	-0.8579125442064871	-379824	-0.20391537885437722
355	560180	561045	SHMOOP.COM-HB	8.505441	2.0736850000000002	-6.43	-0.7561931239073906	-588503	-0.23792703338643034
353	560180	559931	WorldLifestyle.com	10.409227999999999	4.103401999999999	-6.31	-0.6057918992647678	-7579729	-0.5731442524846654
357	560180	560544	Chitika	7.448806999999994	2.1329030000000015	-5.32	-0.7136584422176594	-123897	-0.5813703592477195
361	560180	558300	Komoona12	6.544501000000004	1.8901090000000003	-4.65	-0.7111912734064828	-97558	-0.14295364461604965
346	560180	558886	The Blogger Network	21.16617000000002	16.55510299999999	-4.61	-0.21785079681397373	-5839083	-0.22077391367374935
350	560180	560269	Ezoic.com	18.244363000000078	14.386982999999997	-3.86	-0.21142859303994688	-1258129	-0.1285746316581647
366	560180	558809	Komoona66	5.357983	1.9530879999999997	-3.4	-0.6354807396738661	-22694	-0.05880081980168261
347	560180	561049	RTS-MillennialMedia	19.869843	16.483542999999994	-3.39	-0.1704240944430213	9793724	0.08676184344719177
344	560180	560606	RTS-Sonobi	24.947613999999966	21.78689299999998	-3.16	-0.1266943203466267	-26580077	-0.2602178098994968
364	560180	558741	Komoona56	5.7861139999999995	2.777702000000001	-3.01	-0.5199365238915097	-68467	-0.15941242758954682
343	560180	508738	Underdog Media	29.159575000000025	26.244129000000033	-2.92	-0.09998245859207447	-3819686	-0.19441660857441617
367	560180	560990	Audience Drive_HB	4.544754	2.027605	-2.52	-0.5538581406166319	-317081	-0.24658830738984908
359	560180	560517	Meaww	6.74858	4.623985999999999	-2.12	-0.31482089565508614	-885822	-0.10515684279466185
365	560180	559956	Monkey Broker	5.576447999999998	3.528350000000001	-2.05	-0.36727644550796457	-399425	-0.09156123685666154
373	560180	558256	Komoona11	3.197878	1.41437	-1.78	-0.5577160854791835	-39587	-0.07908495034591051
388	560180	558390	Komoona18	2.047112	0.6292220000000003	-1.42	-0.6926294213506635	-90622	-0.23793107975057434
380	560180	560962	Boredom Therapy	2.2834910000000006	0.955585	-1.33	-0.5815245166282679	-873350	-0.22216659683815482
392	560180	558682	Komoona55	1.7131070000000002	0.40217299999999984	-1.31	-0.7652376646642621	-31085	-0.1560225664294247
375	560180	558794	LanistaConceptsLLC3	3.0343119999999995	1.828309999999999	-1.21	-0.39745484314071877	-1950967	-0.39832634770211217
360	560180	558865	Komoona72	6.618276000000002	5.526820999999999	-1.09	-0.16491530422726436	-49920	-0.05649078177266987
383	560180	560118	AdSparc2	2.2265059999999997	1.2431230000000002	-0.98	-0.4416709409271745	-45083	-0.15099540479348364
358	560180	558808	Komoona65	7.232346	6.369828000000001	-0.86	-0.11925839831224873	-41149	-0.09836751378732499
389	560180	560644	Digital Entertainment Online	1.7958839999999996	0.967952	-0.83	-0.4610164130868139	-896702	-0.23075121744348706
370	560180	560938	Marfeel 5	3.598063000000001	2.861930000000001	-0.74	-0.20459147046619247	43440	0.007030055591491626
374	560180	558843	Komoona69	3.1280760000000005	2.4720580000000005	-0.66	-0.20971932907000976	-33664	-0.0751871638644201
372	560180	560444	Marfeel 2	3.4157900000000003	2.8466449999999996	-0.57	-0.16662177709988044	89509	0.028100314629091166
382	560180	560781	PATIENT PLATFORM LIMITED	2.2292020000000003	1.7079550000000001	-0.52	-0.23382672364370755	-102647	-0.09410956819269509
362	560180	533288	Babylon Advertising Network	6.417634999999995	6.061542000000017	-0.36	-0.055486639548677746	-47728	-0.07804380316374351
356	560180	560701	WordPlays1	7.761146	7.506078000000001	-0.26	-0.03286473415137387	-198953	-0.08797947427142198
387	560180	560903	Vertical Scope1	2.0570839999999997	1.8092710000000032	-0.25	-0.12046809950395634	-522198	-0.13825701765603418
376	560180	560193	WebCapacity Inc	2.9598050000000007	2.7184600000000003	-0.24	-0.08154084475159691	6234	0.04534906559392436
371	560180	558396	Komoona22	3.563802000000003	3.3398749999999993	-0.22	-0.06283373767678552	-12326	-0.029020516370245848
386	560180	560950	Brulee Media	2.1026330000000004	1.9278270000000002	-0.17	-0.08313671477618786	-66037	-0.07945208775739784
393	560180	560313	Freestar	1.6112879999999996	1.6536549999999994	0.04	0.026293871734910105	-738731	-0.1060066376570517
381	560180	560036	FarlexInternational	2.253844	2.3543969999999996	0.1	0.04461400167890931	-239424	-0.24546262606379543
390	560180	560447	BidGear	1.7759129999999999	2.0103000000000004	0.23	0.131981127453879	88855	0.13707664444149617
394	560180	548938	akapralov@pixfuture.com	1.6090200000000001	1.8456440000000005	0.24	0.14706094392860272	-17163	-0.03580017980396778
384	560180	553934	Generation Premium	2.173448	2.710169000000001	0.54	0.2469444863645235	69576	0.02789014068133943
369	560180	560658	AdGiant.IO	3.714369999999996	4.465906999999951	0.75	0.20233229322871857	1271	0.004416675643649682
391	560180	558609	Yieldlove	1.7657719999999992	2.9170689999999997	1.15	0.6520077337277977	-261354	-0.033174253365418425
342	560180	558346	Sortable	29.42646700000003	30.802614000000005	1.38	0.04676562089495736	-1407430	-0.12304522125855076
385	560180	557776	District M	2.1513	3.534416999999999	1.38	0.6429214893320313	-6688394	-0.0964588797794683
339	560180	561051	BrainJolt LLC-HB	74.692449	76.08561300000002	1.39	0.018652005907585482	419010	0.04234962653372233
377	560180	558750	RTS-Stroer SSP	2.5491750000000017	4.323578000000004	1.77	0.696069512685477	781129	0.28596505871749195
379	560180	560876	Geniee10	2.342689	4.130417999999999	1.79	0.763109828065099	620170	0.8343771400279574
368	560180	556241	sernate	4.313495999999999	8.317961	4.0	0.9283571840567378	-33324	-0.025416457239960676
351	560180	561043	VonVon	16.17635399999999	20.609170999999982	4.43	0.27403066228644574	-1414917	-0.08547338420153813
378	560180	560754	RTS-Sekindo	2.479785	9.041758999999988	6.56	2.6461866653762276	1286518	0.15251172569374674
354	560180	560724	RTS-WideOrbit	8.569815000000006	18.025927000000006	9.46	1.1034207856295608	1116449	0.17365799710997495
349	560180	558829	RTS-Imonomy	19.11884	28.938963999999995	9.82	0.5136359737306236	523469	0.7324266655473237
363	560180	560905	Yieldlove 3	6.210655000000001	16.698107999999998	10.49	1.6886226976059684	82539	0.052754968927624345
101	560244	560713	PlayBuzz	158.5322900000001	81.356097	-77.18	-0.4868168686644219	-938770	-0.16201276400399003
105	560244	560792	Vinyl Trading Desk	58.196825999999994	4.7065600000000005	-53.49	-0.9191268609734833	408076	0.22973294015783316
106	560244	557877	Division-D AP	46.16831599999999	10.096404000000001	-36.07	-0.7813131412460441	-5298661	-0.5275139679682265
103	560244	560780	Tersertude	89.84783599999999	54.290566999999996	-35.56	-0.3957498653612536	-3217148	-0.3697199393995183
108	560244	560664	Slutzky & Winsham	34.764997	22.382669000000003	-12.38	-0.35617227293303083	-2071376	-0.32784803274656393
107	560244	560187	LKQD	35.228502999999996	24.664165	-10.56	-0.29988041217646966	1448645	0.09582479226424384
100	560244	560751	SpotX	159.7595340000001	151.676982	-8.08	-0.050591985327148446	-2642133	-0.1128958419503591
109	560244	560973	GetIntent1	21.525026	14.069701	-7.46	-0.3463561437742282	19311	0.02127073679294434
112	560244	560143	RockYou AP	17.36101300000001	11.863276000000008	-5.5	-0.31667144077364606	7004431	0.5411939205502964
113	560244	560626	VidRide	16.854934	12.482876999999997	-4.37	-0.2593933028749922	12540	0.007250206116306257
111	560244	558511	RTS-sovrn	19.774209999999986	18.216159999999977	-1.56	-0.0787920225384483	1826529	0.08014754988902822
110	560244	560453	Sekindo	20.41803599999999	27.762978999999998	7.34	0.3597281834550596	-188849	-0.3075436116575687
104	560244	560565	DarriensAP	73.63548300000005	90.04650299999997	16.41	0.2228683690443086	3677876	0.19189653808643378
102	560244	560693	BaronsMedia_VideoTag	116.70451099999994	193.90124300000008	77.2	0.6614717060936931	7815381	0.2778875940278307
99	560244	560711	RTS-TremorVideo	195.09840700000004	294.68001699999996	99.58	0.5104173403117531	1189779	0.029068260066082718
278	560271	560163	Funbox11	145.4805740000003	49.01348000000017	-96.47	-0.6630926133134444	603863	0.07215819517699439
277	560271	560713	PlayBuzz	256.5967050000002	200.8072100000001	-55.79	-0.21742093297729626	-769506	-0.04040923974349812
279	560271	558511	RTS-sovrn	123.74209900000041	86.19498300000025	-37.55	-0.30343041134286913	-40773493	-0.12485775794863606
281	560271	560840	DistroScale	68.71049500000002	44.46348099999998	-24.25	-0.3528866150651372	-34553	-0.11290612450291308
282	560271	560911	RTS-Tappx	67.05010399999999	47.923203	-19.13	-0.28526280883919275	102926913	0.8181464604303437
288	560271	558257	BidMonitor	19.36732300000001	1.7057280000000001	-17.66	-0.9119275286522562	-47034	-0.036202111135570494
285	560271	559931	WorldLifestyle.com	47.582446000000004	32.666252	-14.92	-0.3134810261750731	-3376913	-0.2077718007578913
283	560271	559956	Monkey Broker	50.61109800000001	36.71696899999996	-13.89	-0.2745273180992842	-234519	-0.03360990106161421
297	560271	559963	Funbox6 - Account F	12.54660400000001	0.030564000000000008	-12.52	-0.9975639623279734	58234	0.1473808354803278
289	560271	560664	Slutzky & Winsham	19.33132099999982	6.877242000000001	-12.45	-0.6442435568681486	-4819613	-0.07208710927986509
293	560271	560091	RTS-MobFox	14.660645000000002	2.399768	-12.26	-0.8363122495633719	37826878	0.29936677474728207
292	560271	560742	Dashbid1	16.694186	6.072551000000009	-10.62	-0.6362475534895796	11095635	0.6151394479296656
287	560271	520096	Funbox - Account C	21.048943999999956	11.190471000000038	-9.86	-0.4683595053509544	225622	0.04207746945111787
294	560271	557877	Division-D AP	14.06725400000001	6.112787999999991	-7.95	-0.5654597549742127	-39370087	-0.37452273665717895
311	560271	558081	Math Aids	6.1249699999999985	1.5297350000000003	-4.6	-0.7502461236544831	-645706	-0.2654261865554274
316	560271	560947	Vexigo1	4.451905000000002	1.3287530000000007	-3.12	-0.7015315915321643	417045	0.19508093581968422
300	560271	561019	Premium Programmatic	12.066813999999997	9.002605000000003	-3.06	-0.25393687182051494	-146750	-0.13847945314062907
301	560271	543168	Lanista Concepts LLC	12.058716	9.019082	-3.04	-0.2520694574778941	-3296	-0.023932095583163306
329	560271	526847	ADVFN AP	3.2301469999999988	0.22579600000000002	-3.0	-0.930097298977415	-222457	-0.14698348114911103
304	560271	560810	MULTIPLY	9.383187999999999	6.456075000000001	-2.93	-0.3119529311359847	2336602	0.19151007689164806
315	560271	560571	Spot.IM	4.720732	1.9434590000000005	-2.78	-0.5883140580740442	70714	0.1613911122370496
327	560271	560669	Orbits Digital	3.4342200000000003	0.7319910000000003	-2.7	-0.7868537833918618	-139511	-0.3331287757587335
330	560271	560415	Pubgears21	3.1884919999999988	0.5424509999999999	-2.65	-0.8298722405450601	-101515	-0.3528600030588268
322	560271	560143	RockYou AP	3.9102890000000006	1.3061529999999997	-2.6	-0.6659702134548112	46213127	0.6002523331103592
334	560271	560210	RTS-MediaNet	2.788938	0.215042	-2.57	-0.9228946645640742	-22227167	-0.9388826101002345
323	560271	558200	Zamzar.com	3.9022690000000004	1.4287940000000003	-2.47	-0.6338555850455209	-9727	-0.11061579575823051
290	560271	558346	Sortable	19.237999999999985	16.815199000000028	-2.42	-0.12593829919949887	-3121739	-0.20746948607731455
319	560271	558889	CrunchMind	4.384861000000001	2.230022	-2.15	-0.49142698023951054	-2821043	-0.08364371121104255
324	560271	560036	FarlexInternational	3.8231820000000005	1.6990109999999998	-2.12	-0.5556028983187303	-110280	-0.2196742733299337
336	560271	560774	Grateful Ventures	2.590139	0.6311990000000001	-1.96	-0.7563069009037738	-192701	-0.12888638593614038
313	560271	558760	XTENDADSCOM	5.638101000000008	3.922190999999997	-1.72	-0.30434183424525535	-7701	-0.1296115524437862
325	560271	560137	Adpone	3.709265000000002	2.1586960000000013	-1.55	-0.41802594314507047	-661	-0.019751389469909758
307	560271	560653	GiftConnect	8.348756	6.8896799999999985	-1.46	-0.17476567766503193	-525790	-0.05386395701291735
335	560271	521707	Forum Communications	2.632809	1.3003470000000001	-1.33	-0.5060989992057912	-219203	-0.1086348669538447
305	560271	560606	RTS-Sonobi	9.233452000000003	7.994359000000003	-1.24	-0.13419607314794077	-30737129	-0.23428590144447473
333	560271	557723	H12 Media (UK)	2.8762499999999998	1.6716419999999994	-1.2	-0.4188119947848763	-15395	-0.07288471007082528
306	560271	533288	Babylon Advertising Network	8.598624999999993	7.496042999999999	-1.1	-0.12822771082585815	-996415	-0.2847933392974022
328	560271	560374	BidMonitor 2	3.3252710000000003	2.2898959999999993	-1.04	-0.31136559997666385	-43396	-0.06883457400319459
326	560271	560430	Comicbook	3.4515519999999995	2.5184019999999996	-0.93	-0.27035663956388317	53561	0.027938990229882058
331	560271	546671	eonesoft llc	3.1378570000000003	2.6981219999999997	-0.44	-0.14013863601814888	-12492	-0.04257552622968699
332	560271	558801	Brow.si	2.989642000000001	2.6019179999999995	-0.39	-0.12968910658868224	-68631	-0.3027887215822609
286	560271	560574	Taboola_VideoTag	22.84064499999998	22.59182099999999	-0.25	-0.010893913022158181	348177	0.16651052284984225
317	560271	557987	AdTycoons	4.427718999999995	4.321093999999999	-0.11	-0.0240812481550877	-364611	-0.4749734577832201
299	560271	560049	YellowHammer Media Group	12.200856000000002	12.243426000000001	0.04	0.0034890994533497933	-610722	-0.10107238455043359
310	560271	548938	akapralov@pixfuture.com	6.665682000000003	6.792678000000004	0.13	0.019052214012009714	-3226	-0.017046054995455796
309	560271	560724	RTS-WideOrbit	6.733588999999998	7.158704	0.43	0.06313349389159373	1334214	0.18030357495182314
314	560271	560973	GetIntent1	5.203634999999999	5.721409	0.52	0.09950236709530956	1166124	0.29472530655375623
320	560271	519187	AutoTrader Classics	4.243963	5.158326000000001	0.91	0.21545027607450884	466	0.015547325926667334
298	560271	560436	Univision	12.359091	13.384453999999998	1.03	0.08296427301975515	237656	0.04087774242907938
302	560271	560836	Froppit Inc.	11.258259999999998	12.318916999999999	1.06	0.09421145008198434	3162	0.0025776641569358895
312	560271	557920	Work2Media Enterprise	5.79352000000001	7.420608	1.63	0.2808461867741869	188951	0.11275029298809669
321	560271	560059	SynupMedia	3.9467479999999995	5.729239	1.78	0.45163537170348866	100098	0.06400479821780482
303	560271	560626	VidRide	9.948196000000005	11.889829000000004	1.94	0.19517438136522428	1227372	0.19749789528156886
296	560271	560631	Yashi2	13.712990999999995	17.142101000000007	3.43	0.25006287833194185	2221971	0.32922078557075507
295	560271	560031	RTS-Switch	14.056524000000241	19.194297999999755	5.14	0.36550814411866156	-872221	-0.17153830677556064
318	560271	558299	RTS-AOL Marketplace	4.403169000000002	11.562535999999998	7.16	1.6259578044812708	-5849968	-0.04999088110067909
308	560271	560046	AdsAarambh	7.345930000000003	15.523533	8.18	1.1132154812256576	9757	0.03461573939389639
284	560271	560711	RTS-TremorVideo	50.187203999999994	79.443757	29.26	0.5829484543510337	7540360	0.1252240577410124
291	560271	561049	RTS-MillennialMedia	18.346997	72.615926	54.27	2.957918889941498	44804982	0.47575526111679517
280	560271	560007	RTS-ConvertMedia	100.30611099999993	188.12196500000005	87.82	0.8754786036914558	9588256	0.2692542087819122
155	560803	520096	Funbox - Account C	307.4700229999996	202.5183710000001	-104.95	-0.34133946124562414	-1013135	-0.12643438037750296
157	560803	560862	Ivemedia	148.463853	62.103564999999996	-86.36	-0.5816923530874549	217523	0.05421860924904074
156	560803	557920	Work2Media Enterprise	169.86123400000034	98.94450499999971	-70.92	-0.41749802076676595	-302665	-0.10615753326882006
158	560803	508738	Underdog Media	148.14458399999975	82.37734399999992	-65.77	-0.44393955029770066	-11027034	-0.186109106857437
159	560803	558889	CrunchMind	146.8793090000001	91.38741899999995	-55.49	-0.3778060393789033	-5102756	-0.1461425640050121
160	560803	533288	Babylon Advertising Network	113.79748500000058	60.386277	-53.41	-0.46935314958850194	-333061	-0.11567184524621955
161	560803	558346	Sortable	88.5567809999999	52.653917	-35.9	-0.4054219631131346	-5159065	-0.2722131063551014
175	560803	561020	RSOE-HB	38.73308299999999	9.908000999999999	-28.83	-0.7441979767012091	-155697	-0.09958941760495948
170	560803	560733	SNT Media	47.36591199999998	22.687139000000005	-24.68	-0.5210239169468538	-1272451	-0.23843436375298335
174	560803	560293	WazimoHB	39.86142499999999	19.568564000000002	-20.29	-0.5090851869946945	-861726	-0.28971354626317114
164	560803	559952	AdThriveHB	54.02461599999979	34.98751099999993	-19.04	-0.35237834915846394	-2765811	-0.1609075082211844
180	560803	560998	eBay	34.713809999999995	16.893994000000003	-17.82	-0.5133350675134765	-5119888	-0.11818669663749877
173	560803	558886	The Blogger Network	42.65736399999997	25.85183399999995	-16.81	-0.3939655061667672	-2744490	-0.15590917821276473
190	560803	559963	Funbox6 - Account F	27.755926000000382	11.780670999999955	-15.98	-0.5755619538688858	-40233	-0.06260630062165926
167	560803	560644	Digital Entertainment Online	53.00625799999999	37.52279499999999	-15.48	-0.2921063207291487	-1949323	-0.2050877317572917
187	560803	560656	Best Toddler Tips	28.745013999999998	14.070851999999997	-14.67	-0.5104941677885425	-2277333	-0.45158549363351613
178	560803	560187	LKQD	37.62818600000019	23.36297100000003	-14.27	-0.37910982474680255	-15958517	-0.18675386011397724
179	560803	560709	Saavy Financial Advice	36.37408599999999	22.382033000000003	-13.99	-0.38467091654206764	72792	0.024212121494344784
183	560803	558257	BidMonitor	33.489703000000006	19.981511000000005	-13.51	-0.40335359199811355	-409321	-0.13866794136608526
169	560803	558299	RTS-AOL Marketplace	50.63867800000001	38.286933000000005	-12.35	-0.24391918367221208	-10773304	-0.25050759316780224
186	560803	558894	MonetizeMoreAP	29.43847299999999	17.282329999999998	-12.16	-0.4129338841725927	-1151735	-0.05480969877091903
163	560803	560653	GiftConnect	58.57414599999998	46.87305499999994	-11.7	-0.19976545624754044	-474754	-0.04068121066605656
200	560803	560310	Adflare.com	20.966094000000002	9.939337000000005	-11.03	-0.525932822775668	-215408	-0.07740856946442375
189	560803	560374	BidMonitor 2	27.948972999999878	17.118641999999998	-10.83	-0.3875037197252267	-326861	-0.1785384212021237
209	560803	560560	AdMonkey	17.276996	7.809056	-9.47	-0.5480084616561814	-236825	-0.5419237176436129
204	560803	560192	Magic Mouse Guide	19.003438	9.600701999999998	-9.4	-0.49479131091963474	-208197	-0.11880854201215038
208	560803	558900	Chegg, Inc.	18.215763000000006	8.846756000000003	-9.37	-0.514335139296663	-6775057	-0.3285488934590612
192	560803	560751	SpotX	25.813820000000025	16.537916	-9.28	-0.35933867982344403	-15384209	-0.22646231223123053
227	560803	557507	Adadyn Technologies	11.624752000000019	2.923377999999999	-8.7	-0.7485212587761017	-1186767	-0.7658206569540423
242	560803	560210	RTS-MediaNet	8.841273000000003	0.34714100000000003	-8.49	-0.9607363102575839	-9022229	-0.9551226547713052
188	560803	559956	Monkey Broker	28.484976999999994	20.239102000000003	-8.25	-0.28948153969020207	-1447697	-0.08234711785343479
182	560803	559903	Curse.com	33.75377700000003	25.610369000000002	-8.14	-0.2412591633819237	2505956	0.083631505242012
176	560803	557776	District M	38.39932099999999	30.37841500000002	-8.02	-0.20888145391945792	-5127159	-0.12175267116767924
217	560803	560026	BumpClick	15.054654000000001	7.0367440000000006	-8.02	-0.5325868000686034	-954777	-0.3121247090514423
185	560803	560019	A4G.com	30.71339599999999	23.25528899999999	-7.46	-0.24282912251058142	259070	0.07284519433164457
215	560803	560361	MadAds HB	15.522412000000001	8.096040999999998	-7.43	-0.47842893230768535	137860	0.03471889056699378
222	560803	558275	Wizzed Media	13.957146999999997	7.131452999999999	-6.83	-0.489046507857229	-1720132	-0.38921900826913786
197	560803	561051	BrainJolt LLC-HB	23.02806	16.211312	-6.82	-0.29601920439672297	507360	0.10581472079312655
223	560803	560825	SNT Media 4	13.878804000000002	7.622944000000002	-6.26	-0.4507492144135762	-265471	-0.1340325328201001
228	560803	558794	LanistaConceptsLLC3	11.278294999999996	5.213943000000002	-6.06	-0.5377011330170026	-1235446	-0.29500588485456447
193	560803	559931	WorldLifestyle.com	25.558898	19.658749999999994	-5.9	-0.2308451639816398	-2185582	-0.13954636459124856
202	560803	560626	VidRide	19.897425999999967	14.100376000000018	-5.8	-0.2913467299740157	-508897	-0.056058865570730865
196	560803	560049	YellowHammer Media Group	23.350658999999986	17.584079999999993	-5.77	-0.2469557283158474	-1120501	-0.13601309026199337
162	560803	558499	RTS-Mads	72.72430900000003	67.140761	-5.58	-0.07677691375520712	-82475	-0.03930281874717053
213	560803	560313	Freestar	15.711649999999993	10.655232999999997	-5.06	-0.3218259699013152	-1437319	-0.14795947201412354
216	560803	560295	MenSocietyMag	15.498474000000002	10.448875	-5.05	-0.3258126574267894	-586594	-0.26263936908596447
214	560803	558547	CPMOnly AP	15.640478999999997	11.089504000000002	-4.55	-0.29097414471769034	-68699	-0.18228687117410905
243	560803	558760	XTENDADSCOM	8.792037000000038	4.40176499999999	-4.39	-0.49934639720010604	-6269	-0.05373781705654943
206	560803	560269	Ezoic.com	18.890990000000016	14.530993000000015	-4.36	-0.23079769773844558	-987652	-0.11622621259710014
240	560803	560540	Plush Life	9.181747999999999	4.960105	-4.22	-0.4597864153971552	-161432	-0.16374190708322303
232	560803	560700	AdTrue	10.165556000000002	5.966622	-4.2	-0.41305502620810913	-1958211	-0.18528862738062662
264	560803	560142	TheGlamBeauty.com	5.588113999999999	1.4936489999999998	-4.09	-0.7327096404976706	-280327	-0.41026605452222437
234	560803	557987	AdTycoons	9.725516000000011	5.650750000000022	-4.07	-0.4189768440049849	-404966	-0.46050209176473533
262	560803	558505	RecipeBoys.com	5.748036	1.702256	-4.05	-0.7038543251990766	-454514	-0.5908541967555369
246	560803	560115	The Her Blog	7.988067999999999	3.9504569999999997	-4.04	-0.5054552615225609	-158410	-0.15341154503952228
244	560803	561036	Slowplay.tv	8.294779999999998	4.4822479999999985	-3.81	-0.45963027349730795	-590230	-0.35342309576189285
210	560803	560962	Boredom Therapy	17.188502999999997	13.517157999999998	-3.67	-0.2135930627582867	-2137389	-0.2760209236662751
271	560803	560980	LoveToKnow	4.885128999999995	1.2314120000000008	-3.65	-0.7479264109504576	-13541	-0.5628481170504613
241	560803	560517	Meaww	9.018837999999997	5.412393	-3.61	-0.399879119682602	-365577	-0.08562398540553214
218	560803	560810	MULTIPLY	14.798397	11.246590000000001	-3.55	-0.24001295545727003	1754008	0.14349537765373202
247	560803	558527	RTS-purch	7.9719909999999965	4.534572999999998	-3.44	-0.43118688919744136	-836202	-0.23117287747617987
255	560803	558229	Envywomen Media	6.849523999999999	3.4069849999999997	-3.44	-0.5025953628310521	56884	0.09632735450308876
212	560803	560453	Sekindo	15.89559399999998	12.698905000000007	-3.2	-0.20110535032537802	-1749653	-0.17765041496198442
238	560803	560858	SNT Media 6	9.534027	6.379061	-3.15	-0.33091641129189164	-456903	-0.33665541050838393
233	560803	560990	Audience Drive_HB	9.979544	6.9650620000000005	-3.01	-0.3020661064273077	-14909	-0.00830424887459019
239	560803	560694	AG Inc	9.263499999999992	6.261163000000001	-3.0	-0.3241039563879736	-27884	-0.0631575609457779
205	560803	560713	PlayBuzz	18.915531999999985	15.94047800000001	-2.98	-0.15728101118170917	-5833358	-0.2602869271964182
253	560803	560118	AdSparc2	7.0394169999999985	4.124570999999999	-2.91	-0.41407491557894643	-94693	-0.0436328231555821
250	560803	560537	StreamlynAPAC	7.507817999999989	4.8374230000000065	-2.67	-0.3556819038500915	697992	0.18972190201376615
237	560803	560816	RTS-DistrictM	9.578444999999997	6.937927000000002	-2.64	-0.2756729302094438	-1745346	-0.1342447552818685
198	560803	558881	AdRizer2	22.685425	20.155102000000003	-2.53	-0.1115395898467847	-16216	-0.0027223771308233493
199	560803	560979	Motiv31	21.133581000000003	18.650264999999997	-2.48	-0.11750568916834328	238109	0.054175484165134104
254	560803	558081	Math Aids	6.945526	4.569379	-2.38	-0.3421118861264072	-1062178	-0.3596416916714577
252	560803	560836	Froppit Inc.	7.317407000000001	4.957741999999999	-2.36	-0.3224728377142343	-173207	-0.11451142225107665
268	560803	561039	ProProfs-HB	5.067996000000001	2.720207	-2.35	-0.46325786366050814	-224906	-0.1083137885698049
194	560803	560530	OMG Studios	24.985781999999997	22.910802	-2.07	-0.08304643016576374	-820310	-0.10868545596192677
220	560803	560817	SNT Media 3	14.214250999999994	12.182112999999992	-2.03	-0.14296483156235262	70454	0.07258883771726475
211	560803	560529	Pretio Interactive	16.672653	14.697788999999997	-1.97	-0.11844929538208489	222287	0.014667971090463453
276	560803	558608	Fuel Digital	4.489134999999998	2.610348000000001	-1.88	-0.4185187124022775	-29879	-0.5855756981871632
245	560803	560927	Adsolut	8.054878999999998	6.2104349999999995	-1.84	-0.2289846936248203	-19294	-0.03442695201745793
166	560803	560602	RTS-Criteo	53.0493310000001	51.439865000000154	-1.61	-0.030339044237898963	830627	0.022372583578249405
267	560803	556241	sernate	5.243151000000001	3.6490890000000005	-1.59	-0.30402748271030156	-441612	-0.13600909166504976
256	560803	560710	StitchVideo	6.519960999999997	4.943047000000002	-1.58	-0.24185942216525463	-941329	-0.24014665000258942
263	560803	558092	Slashdot Media	5.670911000000001	4.123965999999999	-1.55	-0.2727859774205593	-231248	-0.09637485705140815
265	560803	561043	VonVon	5.312321999999999	3.766588	-1.55	-0.2909714433725966	-493699	-0.1147813152286773
273	560803	560701	WordPlays1	4.722657999999999	3.205609	-1.52	-0.3212277916376751	-70326	-0.04044890310691472
235	560803	560528	Playwire Media	9.723047000000003	8.302755000000003	-1.42	-0.14607478499281135	-355889	-0.023870475427507
266	560803	560950	Brulee Media	5.256882	3.926588	-1.33	-0.2530576109564567	-463678	-0.18158811964941687
225	560803	560742	Dashbid1	12.437350000000071	11.181595000000044	-1.26	-0.10096644381640944	678325	0.03555665820407805
251	560803	560156	BoldScreen Media	7.4171460000000025	6.282361000000001	-1.13	-0.15299483116551857	-2537690	-0.23215272575379492
260	560803	558435	Shareaholic.com	5.897241000000011	4.90561199999998	-0.99	-0.16815134399289922	-75489	-0.13055050187120829
269	560803	557931	Komoona	5.046902000000004	4.260902999999999	-0.79	-0.15573890675903834	46212	0.04601487228712197
257	560803	560613	Spine Media	6.230307999999998	5.504994	-0.73	-0.11641703748835507	-79066	-0.019730555859862296
274	560803	560792	Vinyl Trading Desk	4.548342999999999	3.835010000000001	-0.71	-0.15683359852148318	1197633	0.3968634205794656
261	560803	560574	Taboola_VideoTag	5.8568149999999894	5.222808999999992	-0.63	-0.1082509862442298	-193404	-0.07199312989800936
275	560803	551443	foxiauto	4.4903530000000025	4.025588000000001	-0.46	-0.10350299853931337	3046	0.0798050723118843
259	560803	560534	VRTCAL	6.005684999999998	5.570333999999999	-0.44	-0.07248981589943514	-2845346	-0.2974006891331401
249	560803	543045	Hiveworks	7.526299000000006	7.789899999999999	0.26	0.03502398722134121	-15793	-0.008160234705566559
270	560803	558669	Mind Tank Media	4.905188000000001	5.526347	0.62	0.12663306686716178	576768	0.6057571123695575
229	560803	560631	Yashi2	10.873240000000006	11.700855000000008	0.83	0.07611484709249507	551105	0.0519485771252629
181	560803	558604	Digikulture	34.70507299999999	35.84851800000001	1.14	0.03294748868558846	-797956	-0.09438267899544324
201	560803	560031	RTS-Switch	20.829979000000012	22.02739699999999	1.2	0.05748531959633646	-1553915	-0.050694736949248954
258	560803	560158	Bidfluence	6.114270999999998	7.4483630000000005	1.33	0.2181931419134028	1066220	0.23462809877345192
236	560803	559906	Hive Media	9.670994999999998	11.069212000000002	1.4	0.14457840170530586	-320700	-0.06267393139676683
171	560803	560143	RockYou AP	45.57133700000016	47.21639400000005	1.65	0.0360985020035704	5887071	0.08224957517356345
226	560803	560724	RTS-WideOrbit	11.798185999999992	13.586340999999996	1.79	0.15156185874676026	847545	0.13699406212783236
221	560803	560875	Cydersoft	14.049629	15.887932000000003	1.84	0.13084352618848535	-5328066	-0.10176885759492836
219	560803	558526	SureWomen.com	14.276064000000002	16.363566	2.09	0.14622391718053357	475121	0.31708936706393964
203	560803	558427	MILFORD MISSION LP	19.539087000000002	22.096076000000007	2.56	0.1308653265119299	138039	0.293405969762217
172	560803	560911	RTS-Tappx	44.077028	46.690289	2.61	0.059288502845518565	68354349	0.3773676255408684
191	560803	560923	Rhebus	27.352124000000053	30.625034	3.27	0.11965834901888935	6071996	0.10072755969061556
272	560803	560033	RAD	4.828658000000001	8.383394999999997	3.55	0.7361749372185803	-88721	-0.14322058659727413
195	560803	560711	RTS-TremorVideo	24.328806999999998	28.164700999999983	3.84	0.1576688080101908	1059968	0.02247229792246662
248	560803	560973	GetIntent1	7.733899999999998	11.972793	4.24	0.5480925535628857	-353220	-0.057895939416608505
224	560803	558622	RTS-Smaato	12.670400999999998	18.350650000000005	5.68	0.44830854208955245	16060459	0.15190061058233312
184	560803	561094	Roblox Corp	33.149268000000006	40.258815999999996	7.11	0.21447073884105036	41160	0.09954845247625567
165	560803	560091	RTS-MobFox	53.23190499999999	65.28441199999999	12.05	0.226415098238547	4474708	0.027114847854356607
168	560803	560606	RTS-Sonobi	50.66317000000001	62.89298300000016	12.23	0.2413945475579232	-23704147	-0.19060191557275216
207	560803	558812	Petilmat S.A	18.589405	33.781799	15.19	0.8172609074900461	16	1.754449448280475e-05
177	560803	561049	RTS-MillennialMedia	38.28580400000002	54.24462099999997	15.96	0.41683379562826833	13194034	0.09739667206010852
231	560803	560693	BaronsMedia_VideoTag	10.20349000000001	26.900492	16.7	1.6364010745342992	4724845	0.19045524690984791
230	560803	560235	RTS-Axonix	10.515432	67.22349899999999	56.71	5.39284234827442	49302999	3.377348467318229
